,phone,link
0,,
1,6542 4618,http://www.westmeadpharmacy.com/contactus
2,6542 5468,http://www.westmeadpharmacy.com/contactus
3,6272 7500,https://www.roche.com.sg/en/contact.html
4,6735 0550,https://www.roche.com.sg/en/contact.html
5,6491 4000,https://www.roche.com.sg/en/contact.html
6,+65 6338 8551,https://www.hyphens.com.sg/privacy-policy/
7,+65 6226 3836,https://www.sanofi.com.sg/en/contactus/generalandmedia
8,+65 6535 5836,https://www.sanofi.com.sg/en/contactus/generalandmedia
9,+65 6327 5937,https://www.viforpharma.sg/site-services/terms-of-use
10,+65 6327 5936,https://www.viforpharma.sg/site-services/terms-of-use
11,6800 0800,https://www.amgen.com.sg/about/amgen-singapore/how-to-get-to-amgen-singapore/
12,6491 5257,https://www.amgen.com.sg/about/amgen-singapore/how-to-get-to-amgen-singapore/
13,+65 6675 0600,https://www.amgen.com.sg/contact-us/
14,+65 6800 0800,https://www.amgen.com.sg/contact-us/
15,+65 6491 5257,https://www.amgen.com.sg/contact-us/
16,+65 6715 8100,https://www.abbvie.com.sg/contactus.html
17,6804 5700,https://www.abbvie.com.sg/contactus.html
18,6664 5327,https://www.gilead.com/purpose/medication-access/us-patient-access
19,6292 3086,https://www.efusiontech.com
20,6291 3382,https://www.efusiontech.com
21, 6292 3086 ,https://www.efusiontech.com
22,8729 6799,https://www.gilead.com/utility/global-operations/asia/taiwan
23,+65 6407 1263,https://www.gilead.com/utility/global-operations/asia/singapore
24,6837 0055,https://www.gilead.com/utility/global-operations/asia/japan
25,3129 2000,https://www.gilead.com/utility/global-operations/asia/hong-kong
26,6276 6533,http://www.wellchem.com.sg/contact-us/
27,6738 0966,https://www.sapi.org.sg/publications/
28,6738 0977,https://www.sapi.org.sg/publications/
29, 6738 0966 ,https://www.sapi.org.sg/contact-us/
30,6296 5751,http://www.pom.com.sg/
31,6293 1116,http://www.pom.com.sg/
32,9183 0250,http://www.pom.com.sg/
33,+65 6738 0966,https://www.sapi.org.sg
34,+65 6296 5751,http://www.panmalayan.com.sg/contact-us/
35,+65 6293 1116,http://www.panmalayan.com.sg/contact-us/
36,+6563388551,https://www.hyphensgroup.com
37,+65 9183 0250,http://www.panmalayan.com.sg/the-medical-hypermart/
38, 6478 5066 ,https://www.healthprofessionals.gov.sg/spc/continuing-professional-education-(cpe)/for-cpe-providers
39,6340 2356,https://www.healthprofessionals.gov.sg/spc/registered-pharmacists/spc-accredited-pharmacy-preceptor-training-programme
40,6326 5859,https://www.healthprofessionals.gov.sg/spc/registered-pharmacists/spc-accredited-pharmacy-preceptor-training-programme
41,+65 6338 8825,https://www.hyphens.com.sg/contact-us/
42,6478 5068,https://www.healthprofessionals.gov.sg/spc/becoming-a-pharmacist/for-foreign-trained-pharmacy-graduates-pharmacists
43,6478 5069,https://www.healthprofessionals.gov.sg/spc/becoming-a-pharmacist/for-foreign-trained-pharmacy-graduates-pharmacists
44,+65 6511 1167,https://www.mundipharma.com.sg/privacy-policy/
45,6760 5580,https://www.abbott.com.sg/contact.Latvia.html
46,6760 5818,https://www.abbott.com.sg/contact.Latvia.html
47,+65 6722 6010,https://www.novartis.com.sg/about-us/contact-us
48,+65 6833 7200,https://www.novartis.com.sg/about-us/contact-us
49,+65 6304 7000,https://www.novartis.com.sg/about-us/contact-us
50,8228 0805,https://www.abbott.com.sg/contact.Taiwan.html
51,8228 0978,https://www.abbott.com.sg/contact.Taiwan.html
52,6334 6300,https://www.abbott.com.sg/contact.MAINLAND%20CHINA.html
53,6263 1300,https://www.abbott.com.sg/contact.MAINLAND%20CHINA.html
54,6218 8682,https://www.abbott.com.sg/contact.MAINLAND%20CHINA.html
55,6802 8080,https://www.abbott.com.sg/contact.MAINLAND%20CHINA.html
56,6802 7788,https://www.abbott.com.sg/contact.MAINLAND%20CHINA.html
57,8396 3883,https://www.abbott.com.sg/contact.MAINLAND%20CHINA.html
58,8732 0003,https://www.abbott.com.sg/contact.MAINLAND%20CHINA.html
59,8892 5006,https://www.abbott.com.sg/contact.MAINLAND%20CHINA.html
60,3197 9766,https://www.abbott.com.sg/contact.MAINLAND%20CHINA.html
61,3195 8230,https://www.abbott.com.sg/contact.MAINLAND%20CHINA.html
62,8318 6666,https://www.abbott.com.sg/contact.MAINLAND%20CHINA.html
63,8362 7286,https://www.abbott.com.sg/contact.MAINLAND%20CHINA.html
64,8208 0523,https://www.abbott.com.sg/contact.MAINLAND%20CHINA.html
65,8475 3888,https://www.abbott.com.sg/contact.MAINLAND%20CHINA.html
66,8443 9583,https://www.abbott.com.sg/contact.MAINLAND%20CHINA.html
67,8359 1188,https://www.abbott.com.sg/contact.MAINLAND%20CHINA.html
68,8359 0047,https://www.abbott.com.sg/contact.MAINLAND%20CHINA.html
69,6736 7000,https://www.abbott.com.sg/contact.India.html
70,6736 7100,https://www.abbott.com.sg/contact.India.html
71,9857 1111,https://www.abbott.com.sg/contact.Australia.html
72,9857 1122,https://www.abbott.com.sg/contact.Australia.html
73,9843 7100,https://www.abbott.com.sg/contact.Australia.html
74,9855 8020,https://www.abbott.com.sg/contact.Australia.html
75,9384 9700,https://www.abbott.com.sg/contact.Australia.html
76,9384 9800,https://www.abbott.com.sg/contact.Australia.html
77,8879 2800,https://www.abbott.com.sg/contact.Australia.html
78,8879 2805,https://www.abbott.com.sg/contact.Australia.html
79,9670 0678,https://www.abbott.com.sg/contact.Australia.html
80,6278 7366,https://www.abbott.com.sg/for-professionals/pharmaceuticals.html
81,6270 0760,https://www.abbott.com.sg/for-professionals/vascular.html
82,6270 2920,https://www.abbott.com.sg/for-professionals/vascular.html
83, 6277 3200 ,https://www.abbott.com.sg/for-professionals/diagnostics.html
84,6274 0751,https://www.abbott.com.sg/for-professionals/diagnostics.html
85,+65 6914 8000,https://www.abbott.com.sg/for-professionals/nutrition.html
86,6885 0000,https://www.abbott.com.sg/for-professionals/diabetes-care.html
87,8781 9009,"https://www.google.co.jp/maps/place/Suntec+Tower+4/@1.2949606,103.8575037,17z/data=!3m1!4b1!4m5!3m4!1s0x31da19aee6e04e0f:0x1f5668152adb6c26!8m2!3d1.2949552!4d103.8596924"
88,+65 8781 9009,"https://www.google.co.jp/maps/place/Suntec+Tower+4/@1.2949606,103.8575037,17z/data=!3m1!4b1!4m5!3m4!1s0x31da19aee6e04e0f:0x1f5668152adb6c26!8m2!3d1.2949552!4d103.8596924"
89,+6587819009,"https://www.google.co.jp/maps/place/Suntec+Tower+4/@1.2949606,103.8575037,17z/data=!3m1!4b1!4m5!3m4!1s0x31da19aee6e04e0f:0x1f5668152adb6c26!8m2!3d1.2949552!4d103.8596924"
90,+65 6371 2247,https://www.roche.com.sg/en/news.html
91,6499 1888,"https://www.google.com.sg/maps?q=12+Marina+View,+%2322-01++Asia+Square+Tower+2+Singapore+018961&bav=on.2,or.r_cp.r_qf.&bvm=bv.80185997,d.c2E&biw=1440&bih=758&dpr=2&um=1&ie=UTF-8&sa=X&ei=H8dyVJ7ZIcjguQSpooGADA&ved=0CAYQ_AUoAQ"
92,+65 6499 1888,"https://www.google.com.sg/maps?q=12+Marina+View,+%2322-01++Asia+Square+Tower+2+Singapore+018961&bav=on.2,or.r_cp.r_qf.&bvm=bv.80185997,d.c2E&biw=1440&bih=758&dpr=2&um=1&ie=UTF-8&sa=X&ei=H8dyVJ7ZIcjguQSpooGADA&ved=0CAYQ_AUoAQ"
93,+6564991888,"https://www.google.com.sg/maps?q=12+Marina+View,+%2322-01++Asia+Square+Tower+2+Singapore+018961&bav=on.2,or.r_cp.r_qf.&bvm=bv.80185997,d.c2E&biw=1440&bih=758&dpr=2&um=1&ie=UTF-8&sa=X&ei=H8dyVJ7ZIcjguQSpooGADA&ved=0CAYQ_AUoAQ"
94,6511 1165,"https://www.google.com.sg/maps?q=12+Marina+View,+%2322-01++Asia+Square+Tower+2+Singapore+018961&bav=on.2,or.r_cp.r_qf.&bvm=bv.80185997,d.c2E&biw=1440&bih=758&dpr=2&um=1&ie=UTF-8&sa=X&ei=H8dyVJ7ZIcjguQSpooGADA&ved=0CAYQ_AUoAQ"
95,+65 6511 1165,"https://www.google.com.sg/maps?q=12+Marina+View,+%2322-01++Asia+Square+Tower+2+Singapore+018961&bav=on.2,or.r_cp.r_qf.&bvm=bv.80185997,d.c2E&biw=1440&bih=758&dpr=2&um=1&ie=UTF-8&sa=X&ei=H8dyVJ7ZIcjguQSpooGADA&ved=0CAYQ_AUoAQ"
96,+6565111165,"https://www.google.com.sg/maps?q=12+Marina+View,+%2322-01++Asia+Square+Tower+2+Singapore+018961&bav=on.2,or.r_cp.r_qf.&bvm=bv.80185997,d.c2E&biw=1440&bih=758&dpr=2&um=1&ie=UTF-8&sa=X&ei=H8dyVJ7ZIcjguQSpooGADA&ved=0CAYQ_AUoAQ"
97,6478 5066,https://www.healthprofessionals.gov.sg/spc/contact-us
98,6478 5063,https://www.healthprofessionals.gov.sg/spc/contact-us
99,6478 5065,https://www.healthprofessionals.gov.sg/spc/contact-us
100,+65 6407 0030,https://www.a-star.edu.sg/sign/people/administration
101,+65 6407 0009,https://www.a-star.edu.sg/sign/people/administration
102,+65 6407 0011,https://www.a-star.edu.sg/sign/people/administration
103,+65 9683 9582,https://www.a-star.edu.sg/sign/people/administration
104,+65 6407 4303,https://www.a-star.edu.sg/sign/people/administration
105,+65 6407 0064,https://www.a-star.edu.sg/sign/people/administration
106,+65 6407 0596,https://www.a-star.edu.sg/sign/people/administration
107,+65 6407 0010,https://www.a-star.edu.sg/sign/people/administration
108,+65 8133 0733,https://www.a-star.edu.sg/sign/people/administration
109,+65 6407 0022,https://www.a-star.edu.sg/sign/people/administration
110,+65 6368 5555,https://www.baxter.com.sg/policies-positions/global-privacy-policy
111,6704 2000,https://www.nhcs.com.sg/patient-care/visitor-information/contact-us
112,6222 9258,https://www.nhcs.com.sg/patient-care/visitor-information/contact-us
113,6704 8000,https://www.nhcs.com.sg/patient-care/visitor-information/contact-us
114,6844 9030,https://www.nhcs.com.sg/patient-care/visitor-information/contact-us
115,6704 2379,https://www.nhcs.com.sg/patient-care/visitor-information/contact-us
116,6704 2322,https://www.nhcs.com.sg/patient-care/visitor-information/contact-us
117, 6844 9055 ,https://www.nhcs.com.sg/patient-care/visitor-information/contact-us
118,6704 8628,https://www.nhcs.com.sg/patient-care/visitor-information/contact-us
119,6704 8600,https://www.nhcs.com.sg/patient-care/visitor-information/contact-us
120,6844 9050,https://www.nhcs.com.sg/patient-care/visitor-information/contact-us
121,6704 2222,https://www.nhcs.com.sg/patient-care/visitor-information/contact-us
122,6844 9089,https://www.nhcs.com.sg/patient-care/visitor-information/contact-us
123,6844 9177,https://www.nhcs.com.sg/patient-care/visitor-information/contact-us
124,6844 9046,https://www.nhcs.com.sg/patient-care/visitor-information/contact-us
125,6704 8448,https://www.nhcs.com.sg/patient-care/visitor-information/contact-us
126,6844 9126,https://www.nhcs.com.sg/patient-care/visitor-information/contact-us
127,6844 9169,https://www.nhcs.com.sg/patient-care/visitor-information/contact-us
128,6704 8690,https://www.nhcs.com.sg/patient-care/visitor-information/contact-us
129,6844 9159,https://www.nhcs.com.sg/patient-care/visitor-information/contact-us
130,6321 4440,https://www.nhcs.com.sg/patient-care/visitor-information/contact-us
131,6321 3723,https://www.nhcs.com.sg/patient-care/visitor-information/contact-us
132,6326 6234,https://www.nhcs.com.sg/patient-care/visitor-information/contact-us
133,6321 4560,https://www.nhcs.com.sg/patient-care/visitor-information/contact-us
134,6321 4665,https://www.nhcs.com.sg/patient-care/visitor-information/contact-us
135,6321 4240,https://www.nhcs.com.sg/patient-care/visitor-information/contact-us
136,6321 4241,https://www.nhcs.com.sg/patient-care/visitor-information/contact-us
137,+65 6704 8000,https://www.nhcs.com.sg/patient-care/visitor-information/contact-us
138,+65 6844 5506,https://www.wika.com.sg/privacypolicy_en_sg.WIKA
139,+65 6844 5507,https://www.wika.com.sg/products_portable_temperature_calibrators_en_co.WIKA
140,+65 6741 2466,https://sgpgrid.com/company-details/yung-shin-pharmaceutical-singapore-pte-ltd
141,6789 9852,https://mediaonemarketing.com.sg/
142, 6789 9852 ,https://mediaonemarketing.com.sg/
143, 9226 4438 ,https://mediaonemarketing.com.sg/
144,+6593592132,https://www.amber-pharmacy.com/other-services.html
145,+65 9359 2132,https://www.amber-pharmacy.com/other-services.html
146,6338 6867,https://www.amber-pharmacy.com/other-services.html
147,6338 6360,https://www.amber-pharmacy.com/other-services.html
148,6296 5411,https://icmpharma.com/
149,6736 0956,https://www.healthhub.sg/directory/36/64889/watson-s-pharmacy-lucky-plaza
150,+6563346659,https://www.webimp.com.sg/website-design-development/
151,+65 6334 6659,https://www.webimp.com.sg/website-design-development/
152,+6565142133,https://www.sgmem.sg/privacy-policy-2/
153,+65 6514 2133,https://www.sgmem.sg/privacy-policy-2/
154,6634 0991,https://www.healthhub.sg/directory/36/65892/guardian-health-n-beauty-somerset
155,6737 6282,https://www.healthhub.sg/directory/36/65887/guardian-health-n-beauty-paragon
156,6733 2437,https://www.healthhub.sg/directory/36/64891/watson-s-pharmacy-ngee-ann-city
157,6836 9382,https://www.healthhub.sg/directory/36/64950/guardian-health-n-beauty-takashimaya
158,6369 1054,https://www.healthhub.sg/directory/36/64957/watson-s-pharmacy-paragon
159,6321 4388,https://www.healthhub.sg/faqs
160,6394 1200,https://www.healthhub.sg/faqs
161,6930 6001,https://www.healthhub.sg/faqs
162,6704 8260,https://www.healthhub.sg/faqs
163,+65 6407 8108,https://www.healthhub.sg/faqs
164,6222 0123,"https://www.google.com/maps/search/?api=1&query=38%20Beach%20Road%20%20Level%2015%20%20South%20Beach%20Tower%20,%20Singapore,%20189767%20,%20Singapore"
165,+65 6222 0123,"https://www.google.com/maps/search/?api=1&query=38%20Beach%20Road%20%20Level%2015%20%20South%20Beach%20Tower%20,%20Singapore,%20189767%20,%20Singapore"
166,+6562220123,"https://www.google.com/maps/search/?api=1&query=38%20Beach%20Road%20%20Level%2015%20%20South%20Beach%20Tower%20,%20Singapore,%20189767%20,%20Singapore"
167,+65 6338 6867,https://www.amber-pharmacy.com/contact-us.html
168,+65 6338 6360,https://www.amber-pharmacy.com/contact-us.html
169,9359 2132,https://www.amber-pharmacy.com/
170,+65 6571 0236,https://www.wika.com.sg/service_account_information_en_sg.WIKA
171,3200 1800,https://www.mckinsey.com/sg/overview
172,8013 4456,https://www.mckinsey.com/sg/overview
173,6893 4276,https://www.mckinsey.com/sg/overview
174,9034 4097,https://www.mckinsey.com/sg/overview
175,9898 4007,https://www.mckinsey.com/sg/overview
176,9132 3918,https://www.mckinsey.com/sg/overview
177,6783 2839,https://www.mckinsey.com/sg/overview
178,8229 2660,https://www.mckinsey.com/sg/overview
179,6933 2570,https://www.mckinsey.com/sg/overview
180,9014 1762,https://www.mckinsey.com/sg/overview
181,9068 1672,https://www.mckinsey.com/sg/overview
182,9124 1582,https://www.mckinsey.com/sg/overview
183,9166 1493,https://www.mckinsey.com/sg/overview
184,9221 1403,https://www.mckinsey.com/sg/overview
185,6559 1134,https://www.mckinsey.com/sg/overview
186,+65 6586 4900,https://www.mckinsey.com/sg/overview
187,+65 6836 9200,https://www.mckinsey.com/sg/overview
188,9659 3100,https://www.mckinsey.com/locations
189,9659 3200,https://www.mckinsey.com/locations
190,9323 7400,https://www.mckinsey.com/locations
191,9323 7500,https://www.mckinsey.com/locations
192,8273 1600,https://www.mckinsey.com/locations
193,8273 1700,https://www.mckinsey.com/locations
194,6561 3366,https://www.mckinsey.com/locations
195,8529 8038,https://www.mckinsey.com/locations
196,6279 6000,https://www.mckinsey.com/locations
197,6632 6811,https://www.mckinsey.com/locations
198,6385 8888,https://www.mckinsey.com/locations
199,6386 2000,https://www.mckinsey.com/locations
200,8758 6700,https://www.mckinsey.com/locations
201,8758 7700,https://www.mckinsey.com/locations
202,6641 3000,https://www.mckinsey.com/locations
203,6641 3333,https://www.mckinsey.com/locations
204,6630 2000,https://www.mckinsey.com/locations
205,6630 2444,https://www.mckinsey.com/locations
206,6563 7200,https://www.mckinsey.com/locations
207,6563 7201,https://www.mckinsey.com/locations
208,8459 3900,https://www.mckinsey.com/locations
209,8459 3920,https://www.mckinsey.com/locations
210,3273 6308,https://www.mckinsey.com/locations
211,6157 1200,https://www.mckinsey.com/locations
212,+65 6586 4888,https://www.mckinsey.com/about-us/media
213, 6704 2384 ,https://www.nhcs.com.sg/giving/giving-to-nhcs
214,+6567042000,https://www.nhcs.com.sg/patient-care/inpatient-day-surgery
215,6704 8518,https://www.nhcs.com.sg/about-us/procurement
216,6844 9033,https://www.nhcs.com.sg/about-us/procurement
217,+65 6228 1001,https://www.bain.com/pt-br/offices/singapore/
218,+65 6228 1025,https://www.bain.com/pt-br/offices/singapore/
219,9024 8600,https://www.bain.com/offices/sydney/
220,9024 8500,https://www.bain.com/offices/sydney/
221, 9024 8600 ,https://www.bain.com/offices/sydney/
222,6211 3500,https://www.bain.com/offices/perth/
223,6211 3550,https://www.bain.com/offices/perth/
224,6628 9747,https://www.bain.com/offices/mumbai/
225,6320 9300,https://www.bain.com/offices/seoul/
226,6320 9301,https://www.bain.com/offices/seoul/
227,6320 9234,https://www.bain.com/offices/seoul/
228,6320 9405,https://www.bain.com/offices/seoul/
229,6320 9400,https://www.bain.com/offices/seoul/
230,8614 8000,https://www.bain.com/offices/melbourne/
231,8614 8011,https://www.bain.com/offices/melbourne/
232,6765 3800,https://www.bain.com/offices/bengaluru/
233,6765 3801,https://www.bain.com/offices/bengaluru/
234,6598 9090,https://www.bain.com/offices/beijing/
235,6704 8032,https://www.nhcs.com.sg/patient-care/e-services/home-delivery-for-medications
236, 6844 9089 ,https://www.nhcs.com.sg/patient-care/e-services/home-delivery-for-medications
237, 6704 8181 ,https://www.nhcs.com.sg/patient-care/visitor-information/faqs/pages/home.aspx
238, 6704 8000 ,https://www.nhcs.com.sg/patient-care/visitor-information/faqs/pages/home.aspx
239, 6704 2322 ,https://www.nhcs.com.sg/patient-care/visitor-information/faqs/pages/home.aspx
240,6844 9055,https://www.nhcs.com.sg/patient-care/visitor-information/faqs/pages/home.aspx
241,6850 5599,https://www.bain.com/offices/helsinki/
242,9015 2582,https://www.mckinsey.com/
243,9549 1857,https://www.mckinsey.com/
244,9538 1853,https://www.mckinsey.com/
245,6538 1836,https://www.mckinsey.com/
246,6712 1824,https://www.mckinsey.com/
247,8332 1811,https://www.mckinsey.com/
248,8688 2141,https://www.mckinsey.com/
249,9487 1782,https://www.mckinsey.com/
250,6132 1778,https://www.mckinsey.com/
251,6827 1773,https://www.mckinsey.com/
252,8209 1769,https://www.mckinsey.com/
253,6151 2000,https://www.mckinsey.com/
254,+65 6225 0488,https://www.singhealthacademy.edu.sg
255,+65 6832 6832,https://www.edb.gov.sg/en/contact/contact-us.html
256,+65 6779 6638,https://scigenltd.com/products/
257,+65 6779 3784,https://scigenltd.com/products/
258,9485 1800,https://scigenltd.com/contact-us/
259,9485 1888,https://scigenltd.com/contact-us/
260,8283 7931,https://scigenltd.com/contact-us/
261,8283 7930,https://scigenltd.com/contact-us/
262, 8236 2300 ,https://scigenltd.com/contact-us/
263,8236 2305,https://scigenltd.com/contact-us/
264,9219 2015,https://scigenltd.com/newsroom/
265,6293 4967,https://icmpharma.com/contact-4/
266,+65 6265 2336,http://www.beacons.com.sg/contact.php
267,6261 5723,http://www.beacons.com.sg/contact.php
268,6826 6111,https://www.a-star.edu.sg/contact-us
269,6259 2313,https://www.pss.org.sg/grants_awards
270,6223 0969,https://www.pss.org.sg/grants_awards
271,6259 2393,https://www.pss.org.sg/membership-renewal
272, 6259 2313 ,https://www.pss.org.sg/membership-renewal
273,6221 1136,https://www.pss.org.sg/user
274,6817 3620,"https://www.google.com/maps/search/31%20Third%20Hospital%20Ave,%20"
275,+65 6817 3620,"https://www.google.com/maps/search/31%20Third%20Hospital%20Ave,%20"
276,+6568173620,"https://www.google.com/maps/search/31%20Third%20Hospital%20Ave,%20"
277,6534 8639,"https://www.google.com/maps/search/31%20Third%20Hospital%20Ave,%20"
278,+65 6534 8639,"https://www.google.com/maps/search/31%20Third%20Hospital%20Ave,%20"
279,+6565348639,"https://www.google.com/maps/search/31%20Third%20Hospital%20Ave,%20"
280,6222 3322,"https://www.google.com/maps/search/31%20Third%20Hospital%20Ave,%20"
281,+65 6222 3322,"https://www.google.com/maps/search/31%20Third%20Hospital%20Ave,%20"
282,+6562223322,"https://www.google.com/maps/search/31%20Third%20Hospital%20Ave,%20"
283,+65 6357 7153,https://www.nni.com.sg
284,+65 6324 8802,https://www.ndcs.com.sg
285,+65 6227 7266,https://www.snec.com.sg
286,+65 6227 7255,https://www.snec.com.sg
287,+65 6436 8000,https://www.nccs.com.sg
288,+65 6930 6000,https://www.skh.com.sg
289,+65 6478 8292,https://www.a-star.edu.sg/Scholarships/for-graduate-studies/a-star-research-attachment-programme-(arap)
290,+65 6478 8341,https://www.a-star.edu.sg/Scholarships/for-graduate-studies/a-star-research-attachment-programme-(arap)
291,+65 6808 8003,https://www.a-star.edu.sg/Scholarships/for-graduate-studies/a-star-research-attachment-programme-(arap)
292,+65 6824 7042,https://www.a-star.edu.sg/Scholarships/for-graduate-studies/a-star-research-attachment-programme-(arap)
293,+65 6321 4377,https://www.singhealth.com.sg/patient-care/patient-visitor-info
294,+65 6850 3333,https://www.singhealth.com.sg/patient-care/patient-visitor-info
295,+65 6294 4050,https://www.singhealth.com.sg/patient-care/patient-visitor-info
296,+65 6436 8088,https://www.singhealth.com.sg/patient-care/patient-visitor-info
297,+65 6704 2000,https://www.singhealth.com.sg/patient-care/patient-visitor-info
298,+65 6330 6363,https://www.singhealth.com.sg/patient-care/patient-visitor-info
299,+65 6248 5755,https://www.singhealth.com.sg/patient-care/patient-visitor-info
300,+65 6643 6969,https://www.singhealth.com.sg/patient-care/patient-visitor-info
301,6377 8731,https://www.singhealth.com.sg/about-singhealth/procurement/Pages/Contact-Us.aspx
302,6377 8091,https://www.singhealth.com.sg/about-singhealth/procurement/Pages/Contact-Us.aspx
303,6377 8556,https://www.singhealth.com.sg/about-singhealth/procurement/Pages/Contact-Us.aspx
304,6377 8781,https://www.singhealth.com.sg/about-singhealth/procurement/Pages/Contact-Us.aspx
305,+65 6265 3788,https://industry.airliquide.sg/sitemap
306,+6562653788,https://industry.airliquide.sg/sitemap
307,+6596251541,https://industry.airliquide.sg/sitemap
308,+65 9625 1541,https://industry.airliquide.sg/sitemap
309,+65 6265 1441,https://www.airliquide.com/singapore
310,+65 6276 0160,https://www.airliquide.com/singapore
311,+65 6278 8231,https://www.airliquide.com/singapore
312,+65 3163 9392,https://www.airliquide.com/singapore
313,+65 6378 5213,https://www.airliquide.com/singapore
314,+65 6257 2388,https://www.airliquide.com/singapore
315,+65 6257 9388,https://www.airliquide.com/singapore
316,+65 6733 1148,https://www.airliquide.com/singapore
317,+65 6733 0098,https://www.airliquide.com/singapore
318,+65 6265 4555,https://industry.airliquide.sg/map
319,+65 6266 0244,https://industry.airliquide.sg/map
320,6265 4555,https://industry.airliquide.sg/node/7231
321, 6894 7444 ,https://www.boehringer-ingelheim.com/media-contacts
322,+65 6236 4800,https://polyclinic.singhealth.com.sg/
323,6516 2648,https://pharmacy.nus.edu.sg/news/
324,6601 2495,https://pharmacy.nus.edu.sg/tenure-track-faculty/
325, 6516 2648 ,https://pharmacy.nus.edu.sg/contact/
326,6779 1554,https://pharmacy.nus.edu.sg/contact/
327,6265 3788,https://industry.airliquide.sg/resources/pipeline-safety
328,+65 6496 5882,https://industry.airliquide.sg/engineering
329, 6265 3788 ,https://industry.airliquide.sg/product-catalogue
330,6419 8600,https://www.boehringer-ingelheim.com/locations/asia/singapore
331,6297 5771,https://www.boehringer-ingelheim.com/locations/asia/singapore
332,6250 8689,https://alcare.sg/contact/
333,6255 5872,https://alcare.sg/contact/
334,+65 6516 6666,http://map.nus.edu.sg/
335,+65 6542 0833,http://www.escoaster.com/contact-us/
336,+65 6542 6920,http://www.escoaster.com/contact-us/
337,+65 6251 9361,http://www.escoaster.com/contact-us/
338,+65 6256 7950,http://www.escoaster.com/contact-us/
339,+65 6805 6445,https://www.sgmem.sg/invitation-to-pubs-grant-call-information-session-on-12-dec-2019/
340,+6568326065,https://portal.edb.gov.sg/
341,+65 6832 6065,https://portal.edb.gov.sg/
342,+65 6377 8765,https://www.singhealth.com.sg/giving
343,6508 2442,https://www.pharmaconasia.com/virtual-networking-opportunities/
344,6508 2479,https://www.pharmaconasia.com/virtual-networking-opportunities/
345,6508 2446,https://www.pharmaconasia.com/virtual-networking-opportunities/
346,+6565082444,https://www.pharmaconasia.com/virtual-networking-opportunities/
347,+65 6508 2444,https://www.pharmaconasia.com/virtual-networking-opportunities/
348,+6565082489,https://www.pharmaconasia.com/virtual-networking-opportunities/
349,+65 6508 2489,https://www.pharmaconasia.com/virtual-networking-opportunities/
350,+65 6508 2462,https://www.pharmaconasia.com/virtual-networking-opportunities/
351,+6565082401,https://www.pharmaconasia.com/virtual-networking-opportunities/
352,+65 6508 2401,https://www.pharmaconasia.com/virtual-networking-opportunities/
353,+65 6664 4800,https://www.concur.com.sg/contact/offices
354,9113 7358,https://www.concur.com.sg/contact/offices
355,9113 7330,https://www.concur.com.sg/contact/offices
356,6829 2000,https://www.concur.com.sg/contact/offices
357,6206 3199,https://www.concur.com.sg/contact/offices
358, 6196 8872 ,https://www.concur.com.sg/contact/offices
359,+65 6809 2083,https://www.concur.com.sg/contact
360,+65 6508 2407,https://www.pharmaconasia.com/contact-us/
361,6213 0838,https://www.hsa.gov.sg/terms-of-use
362,6213 0749,https://www.hsa.gov.sg/terms-of-use
363,6776 0168,https://www.hsa.gov.sg/contact-us
364,6872 3054,https://www.hsa.gov.sg/contact-us
365,6213 0626,https://www.hsa.gov.sg/contact-us
366,6220 0183,https://www.hsa.gov.sg/contact-us
367,6333 5532,https://www.hsa.gov.sg/contact-us
368,6766 0576,https://www.hsa.gov.sg/contact-us
369,6710 7548,https://www.hsa.gov.sg/contact-us
370,6866 1111,https://www.hsa.gov.sg/contact-us
371,6866 3485,https://www.hsa.gov.sg/contact-us
372,6684 2031,https://www.hsa.gov.sg/contact-us
373,6684 2032,https://www.hsa.gov.sg/contact-us
374,6684 2036,https://www.hsa.gov.sg/contact-us
375,6684 2037,https://www.hsa.gov.sg/contact-us
376,6478 9076,https://www.hsa.gov.sg/contact-us
377,6478 9032,https://www.hsa.gov.sg/contact-us
378,6478 9028,https://www.hsa.gov.sg/contact-us
379,6478 9037,https://www.hsa.gov.sg/contact-us
380,6478 9754,https://www.hsa.gov.sg/contact-us
381,6478 9034,https://www.hsa.gov.sg/contact-us
382,6478 9068,https://www.hsa.gov.sg/contact-us
383,6478 9038,https://www.hsa.gov.sg/contact-us
384,6478 9069,https://www.hsa.gov.sg/contact-us
385,6478 9065,https://www.hsa.gov.sg/contact-us
386,6684 1502,https://www.hsa.gov.sg/contact-us
387,6775 1605,https://www.hsa.gov.sg/contact-us
388,6775 1398,https://www.hsa.gov.sg/contact-us
389,6213 0806,https://www.hsa.gov.sg/contact-us
390,6326 6027,https://www.hsa.gov.sg/contact-us
391,6213 0659,https://www.hsa.gov.sg/contact-us
392,6213 0821,https://www.hsa.gov.sg/contact-us
393,6225 0217,https://www.hsa.gov.sg/contact-us
394,6222 1712,https://www.hsa.gov.sg/contact-us
395,6222 3092,https://www.hsa.gov.sg/contact-us
396,6213 0779,https://www.hsa.gov.sg/contact-us
397,6684 1503,https://www.hsa.gov.sg/contact-us
398,6684 1505,https://www.hsa.gov.sg/contact-us
399,6557 3503,https://www.hsa.gov.sg/contact-us
400,6557 3516,https://www.hsa.gov.sg/contact-us
401,6213 0747,https://www.hsa.gov.sg/contact-us
402,6213 0736,https://www.hsa.gov.sg/contact-us
403,6213 8979,https://www.hsa.gov.sg/contact-us
404,6213 0740,https://www.hsa.gov.sg/contact-us
405, 6776 0168 ,https://www.hsa.gov.sg/e-services/
406,+65 6250 6316,https://www.philips.com.sg/healthcare/about/contact
407,+65 6255 4853,https://www.philips.com.sg/healthcare/about/contact
408,+65 6812 7500,https://www.ferring.sg/en/global/medi-hub/
409,+65 6812 7510,https://www.ferring.sg/en/global/medi-hub/
410,+6564947200,https://www.pharmbiosingapore.com/categories/clinical-development
411, 6494 7200 ,https://www.pharmbiosingapore.com/categories/clinical-development
412,+6567158100,https://www.pharmbiosingapore.com/categories/clinical-development
413, 6715 8100 ,https://www.pharmbiosingapore.com/categories/clinical-development
414,+6565070707,https://www.pharmbiosingapore.com/categories/clinical-development
415, 6507 0707 ,https://www.pharmbiosingapore.com/categories/clinical-development
416,+6562224235,https://www.pharmbiosingapore.com/categories/clinical-development
417, 6222 4235 ,https://www.pharmbiosingapore.com/categories/clinical-development
418,+6568124700,https://www.pharmbiosingapore.com/categories/clinical-development
419, 6812 4700 ,https://www.pharmbiosingapore.com/categories/clinical-development
420,+6564961888,https://www.pharmbiosingapore.com/categories/clinical-development
421, 6496 1888 ,https://www.pharmbiosingapore.com/categories/clinical-development
422,+6564198600,https://www.pharmbiosingapore.com/categories/clinical-development
423, 6419 8600 ,https://www.pharmbiosingapore.com/categories/clinical-development
424,+6562976624,https://www.pharmbiosingapore.com/categories/clinical-development
425, 6297 6624 ,https://www.pharmbiosingapore.com/categories/clinical-development
426,+6562328338,https://www.pharmbiosingapore.com/categories/clinical-development
427, 6232 8338 ,https://www.pharmbiosingapore.com/categories/clinical-development
428,6507 0707,https://www.pharmbiosingapore.com/companies/actelion-pharmaceuticals-singapore-pte-ltd
429,6507 0700,https://www.pharmbiosingapore.com/companies/actelion-pharmaceuticals-singapore-pte-ltd
430,+6565600056,https://www.pharmbiosingapore.com/categories/government-regulatory-bodies
431, 6560 0056 ,https://www.pharmbiosingapore.com/categories/government-regulatory-bodies
432,+6562486028,https://www.pharmbiosingapore.com/categories/government-regulatory-bodies
433, 6248 6028 ,https://www.pharmbiosingapore.com/categories/government-regulatory-bodies
434,+6568052992,https://www.pharmbiosingapore.com/categories/government-regulatory-bodies
435, 6805 2992 ,https://www.pharmbiosingapore.com/categories/government-regulatory-bodies
436,+6568266111,https://www.pharmbiosingapore.com/categories/government-regulatory-bodies
437, 6826 6111 ,https://www.pharmbiosingapore.com/categories/government-regulatory-bodies
438,+6564740606,https://www.pharmbiosingapore.com/categories/government-regulatory-bodies
439, 6474 0606 ,https://www.pharmbiosingapore.com/categories/government-regulatory-bodies
440,+6568358000,https://www.pharmbiosingapore.com/categories/government-regulatory-bodies
441, 6835 8000 ,https://www.pharmbiosingapore.com/categories/government-regulatory-bodies
442,+6568981800,https://www.pharmbiosingapore.com/categories/government-regulatory-bodies
443, 6898 1800 ,https://www.pharmbiosingapore.com/categories/government-regulatory-bodies
444,+6564070539,https://www.pharmbiosingapore.com/categories/government-regulatory-bodies
445, 6407 0539 ,https://www.pharmbiosingapore.com/categories/government-regulatory-bodies
446,+6564353500,https://www.pharmbiosingapore.com/categories/government-regulatory-bodies
447, 6435 3500 ,https://www.pharmbiosingapore.com/categories/government-regulatory-bodies
448,+6562130838,https://www.pharmbiosingapore.com/categories/government-regulatory-bodies
449, 6213 0838 ,https://www.pharmbiosingapore.com/categories/government-regulatory-bodies
450,+6562747500,https://www.pharmbiosingapore.com/company-listings
451, 6274 7500 ,https://www.pharmbiosingapore.com/company-listings
452,+6565420833,https://www.pharmbiosingapore.com/company-listings
453, 6542 0833 ,https://www.pharmbiosingapore.com/company-listings
454,+6568722215,https://www.pharmbiosingapore.com/company-listings
455, 6872 2215 ,https://www.pharmbiosingapore.com/company-listings
456,+6566352580,https://www.pharmbiosingapore.com/company-listings
457, 6635 2580 ,https://www.pharmbiosingapore.com/company-listings
458,+6565956388,https://www.pharmbiosingapore.com/company-listings
459, 6595 6388 ,https://www.pharmbiosingapore.com/company-listings
460,+6564256611,https://www.pharmbiosingapore.com/company-listings
461, 6425 6611 ,https://www.pharmbiosingapore.com/company-listings
462,+6567741033,https://www.pharmbiosingapore.com/company-listings
463, 6774 1033 ,https://www.pharmbiosingapore.com/company-listings
464,+6567836082,https://www.pharmbiosingapore.com/company-listings
465, 6783 6082 ,https://www.pharmbiosingapore.com/company-listings
466,+6563682066,https://www.pharmbiosingapore.com/company-listings
467, 6368 2066 ,https://www.pharmbiosingapore.com/company-listings
468,6213 9300,https://www.pharmbiosingapore.com/contact-us
469,6285 0161,https://www.pharmbiosingapore.com/contact-us
470, 6684 2036 ,https://www.hsa.gov.sg/tobacco-regulation/report
471, 6684 2037 ,https://www.hsa.gov.sg/tobacco-regulation/report
472,6213 0709,https://www.hsa.gov.sg/tobacco-regulation/report
473, 6684 2031 ,https://www.hsa.gov.sg/tobacco-regulation/overview
474, 6684 2032 ,https://www.hsa.gov.sg/tobacco-regulation/overview
475,+65 6508 2477,https://www.pharmaconasia.com/pricing/
